{
  "CMS": {
    "f1": 0.43601895734597157,
    "precision": 0.5111111111111111,
    "recall": 0.38016528925619836
  },
  "Ada-Sketch": {
    "f1": 0.3884297520661157,
    "precision": 0.3884297520661157,
    "recall": 0.3884297520661157
  },
  "CBF": {
    "f1": 0.43601895734597157,
    "precision": 0.5111111111111111,
    "recall": 0.38016528925619836
  },
  "SLBF": {
    "f1": 0.44019138755980863,
    "precision": 0.5227272727272727,
    "recall": 0.38016528925619836
  }
}